#Ligand,Compound,SMILE,TotalEnergy,VDW,HBond,Elec,AverConPair
Mtb_MraY_ligandless_BS-Top10_3d-0.pdb,Top10,COc1cc(OC)cc(C(=O)Nc2ccc(O)c(C(=O)N(C(=O)c3ccc(-c4nnn[nH]4)cn3)c3nc4[nH]c(NN)nc4c(=O)[nH]3)c2)c1,-129.892,-69.9899,-59.9021,0.0,17.5417
Mtb_MraY_ligandless_BS-Top10_3d-1.pdb,Top10,COc1cc(OC)cc(C(=O)Nc2ccc(O)c(C(=O)N(C(=O)c3ccc(-c4nnn[nH]4)cn3)c3nc4[nH]c(NN)nc4c(=O)[nH]3)c2)c1,-141.593,-97.3017,-44.2912,0.0,18.8333
Mtb_MraY_ligandless_BS-Top10_3d-2.pdb,Top10,COc1cc(OC)cc(C(=O)Nc2ccc(O)c(C(=O)N(C(=O)c3ccc(-c4nnn[nH]4)cn3)c3nc4[nH]c(NN)nc4c(=O)[nH]3)c2)c1,-136.333,-96.8663,-39.4668,0.0,14.8125
Mtb_MraY_ligandless_BS-Top10_3d-3.pdb,Top10,COc1cc(OC)cc(C(=O)Nc2ccc(O)c(C(=O)N(C(=O)c3ccc(-c4nnn[nH]4)cn3)c3nc4[nH]c(NN)nc4c(=O)[nH]3)c2)c1,-150.39,-114.216,-36.1742,0.0,21.4375
Mtb_MraY_ligandless_BS-Top10_3d-4.pdb,Top10,COc1cc(OC)cc(C(=O)Nc2ccc(O)c(C(=O)N(C(=O)c3ccc(-c4nnn[nH]4)cn3)c3nc4[nH]c(NN)nc4c(=O)[nH]3)c2)c1,-147.329,-96.9423,-50.3863,0.0,17.8542
Mtb_MraY_ligandless_BS-Top11_3d-0.pdb,Top11,COc1ccc(CCN(CC(=O)Nc2cc(-c3ccc(C4CCCCC4)cc3)nn2-c2ccccc2)c2c(NC(=O)c3cc(CN=[N+]=[N-])cc(N=[N+]=[N-])c3)n(Cc3ccccc3)c(=O)[nH]c2=O)cc1OC,-131.314,-121.502,-10.2597,0.44812,12.8451
Mtb_MraY_ligandless_BS-Top11_3d-1.pdb,Top11,COc1ccc(CCN(CC(=O)Nc2cc(-c3ccc(C4CCCCC4)cc3)nn2-c2ccccc2)c2c(NC(=O)c3cc(CN=[N+]=[N-])cc(N=[N+]=[N-])c3)n(Cc3ccccc3)c(=O)[nH]c2=O)cc1OC,-158.378,-137.967,-20.0433,-0.368035,14.2958
Mtb_MraY_ligandless_BS-Top11_3d-2.pdb,Top11,COc1ccc(CCN(CC(=O)Nc2cc(-c3ccc(C4CCCCC4)cc3)nn2-c2ccccc2)c2c(NC(=O)c3cc(CN=[N+]=[N-])cc(N=[N+]=[N-])c3)n(Cc3ccccc3)c(=O)[nH]c2=O)cc1OC,-157.228,-123.467,-34.1586,0.397102,15.3803
Mtb_MraY_ligandless_BS-Top11_3d-3.pdb,Top11,COc1ccc(CCN(CC(=O)Nc2cc(-c3ccc(C4CCCCC4)cc3)nn2-c2ccccc2)c2c(NC(=O)c3cc(CN=[N+]=[N-])cc(N=[N+]=[N-])c3)n(Cc3ccccc3)c(=O)[nH]c2=O)cc1OC,-151.963,-121.575,-29.9685,-0.418969,12.7324
Mtb_MraY_ligandless_BS-Top11_3d-4.pdb,Top11,COc1ccc(CCN(CC(=O)Nc2cc(-c3ccc(C4CCCCC4)cc3)nn2-c2ccccc2)c2c(NC(=O)c3cc(CN=[N+]=[N-])cc(N=[N+]=[N-])c3)n(Cc3ccccc3)c(=O)[nH]c2=O)cc1OC,-145.064,-99.1493,-46.3224,0.408216,14.4648
Mtb_MraY_ligandless_BS-Top12_3d-0.pdb,Top12,[N-]=[N+]=NC1(C(=O)NCc2cn(C3COCC3CN(C(=O)c3ccc(-c4nnn[nH]4)nc3)C(=O)c3ccnc(N)c3[N+](=O)[O-])nn2)CC1,-162.017,-101.905,-60.2321,0.120128,21.1277
Mtb_MraY_ligandless_BS-Top12_3d-1.pdb,Top12,[N-]=[N+]=NC1(C(=O)NCc2cn(C3COCC3CN(C(=O)c3ccc(-c4nnn[nH]4)nc3)C(=O)c3ccnc(N)c3[N+](=O)[O-])nn2)CC1,-159.65,-110.382,-49.0003,-0.267603,16.6383
Mtb_MraY_ligandless_BS-Top12_3d-2.pdb,Top12,[N-]=[N+]=NC1(C(=O)NCc2cn(C3COCC3CN(C(=O)c3ccc(-c4nnn[nH]4)nc3)C(=O)c3ccnc(N)c3[N+](=O)[O-])nn2)CC1,-150.354,-90.5335,-59.3227,-0.498111,16.3191
Mtb_MraY_ligandless_BS-Top12_3d-3.pdb,Top12,[N-]=[N+]=NC1(C(=O)NCc2cn(C3COCC3CN(C(=O)c3ccc(-c4nnn[nH]4)nc3)C(=O)c3ccnc(N)c3[N+](=O)[O-])nn2)CC1,-140.76,-94.0432,-45.8857,-0.830762,22.8723
Mtb_MraY_ligandless_BS-Top12_3d-4.pdb,Top12,[N-]=[N+]=NC1(C(=O)NCc2cn(C3COCC3CN(C(=O)c3ccc(-c4nnn[nH]4)nc3)C(=O)c3ccnc(N)c3[N+](=O)[O-])nn2)CC1,-131.015,-89.6318,-42.1,0.716989,14.1489
Mtb_MraY_ligandless_BS-Top13_3d-0.pdb,Top13,COc1cc(NC(=O)C(=O)N(NC(=O)c2nn(C)c3ccccc23)C(=O)Nc2ccc(OC)c(-n3nnnc3C)c2)ccc1N1CCOC1=O,-125.1,-93.2807,-31.8196,0.0,22.58
Mtb_MraY_ligandless_BS-Top13_3d-1.pdb,Top13,COc1cc(NC(=O)C(=O)N(NC(=O)c2nn(C)c3ccccc23)C(=O)Nc2ccc(OC)c(-n3nnnc3C)c2)ccc1N1CCOC1=O,-131.023,-111.669,-19.354,0.0,16.68
Mtb_MraY_ligandless_BS-Top13_3d-2.pdb,Top13,COc1cc(NC(=O)C(=O)N(NC(=O)c2nn(C)c3ccccc23)C(=O)Nc2ccc(OC)c(-n3nnnc3C)c2)ccc1N1CCOC1=O,-121.42,-101.628,-19.7928,0.0,13.86
Mtb_MraY_ligandless_BS-Top13_3d-3.pdb,Top13,COc1cc(NC(=O)C(=O)N(NC(=O)c2nn(C)c3ccccc23)C(=O)Nc2ccc(OC)c(-n3nnnc3C)c2)ccc1N1CCOC1=O,-137.472,-112.913,-24.559,0.0,18.62
Mtb_MraY_ligandless_BS-Top13_3d-4.pdb,Top13,COc1cc(NC(=O)C(=O)N(NC(=O)c2nn(C)c3ccccc23)C(=O)Nc2ccc(OC)c(-n3nnnc3C)c2)ccc1N1CCOC1=O,-125.903,-82.1885,-43.7141,0.0,23.9
Mtb_MraY_ligandless_BS-Top1_3d-0.pdb,Top1,CCOc1ccc(NS(=O)(=O)c2ccc3nc(O)cc(C(=O)N(CCN=[N+]=[N-])C(=O)c4cn[nH]c4-n4cnnn4)c3c2)cc1,-144.15,-106.587,-37.7345,0.171298,19.0909
Mtb_MraY_ligandless_BS-Top1_3d-1.pdb,Top1,CCOc1ccc(NS(=O)(=O)c2ccc3nc(O)cc(C(=O)N(CCN=[N+]=[N-])C(=O)c4cn[nH]c4-n4cnnn4)c3c2)cc1,-130.526,-81.4214,-49.4657,0.361518,20.2045
Mtb_MraY_ligandless_BS-Top1_3d-2.pdb,Top1,CCOc1ccc(NS(=O)(=O)c2ccc3nc(O)cc(C(=O)N(CCN=[N+]=[N-])C(=O)c4cn[nH]c4-n4cnnn4)c3c2)cc1,-152.084,-98.3845,-54.0146,0.314733,18.25
Mtb_MraY_ligandless_BS-Top1_3d-3.pdb,Top1,CCOc1ccc(NS(=O)(=O)c2ccc3nc(O)cc(C(=O)N(CCN=[N+]=[N-])C(=O)c4cn[nH]c4-n4cnnn4)c3c2)cc1,-140.952,-95.132,-45.4774,-0.3429,23.6591
Mtb_MraY_ligandless_BS-Top1_3d-4.pdb,Top1,CCOc1ccc(NS(=O)(=O)c2ccc3nc(O)cc(C(=O)N(CCN=[N+]=[N-])C(=O)c4cn[nH]c4-n4cnnn4)c3c2)cc1,-152.56,-106.015,-46.9315,0.386341,26.8182
Mtb_MraY_ligandless_BS-Top14_3d-0.pdb,Top14,[N-]=[N+]=NC(CCC(N)=O)C(=O)N(Nc1cc([N+](=O)[O-])ccn1)C(=O)c1ccc(Cl)c(S(=O)(=O)N(Cc2ccccc2)c2ccccc2)c1,-162.169,-109.174,-52.9961,0.000621874,21.2917
Mtb_MraY_ligandless_BS-Top14_3d-1.pdb,Top14,[N-]=[N+]=NC(CCC(N)=O)C(=O)N(Nc1cc([N+](=O)[O-])ccn1)C(=O)c1ccc(Cl)c(S(=O)(=O)N(Cc2ccccc2)c2ccccc2)c1,-144.335,-102.367,-42.0228,0.0551508,17.5833
Mtb_MraY_ligandless_BS-Top14_3d-2.pdb,Top14,[N-]=[N+]=NC(CCC(N)=O)C(=O)N(Nc1cc([N+](=O)[O-])ccn1)C(=O)c1ccc(Cl)c(S(=O)(=O)N(Cc2ccccc2)c2ccccc2)c1,-143.714,-94.4101,-47.5608,-1.7428,18.4792
Mtb_MraY_ligandless_BS-Top14_3d-3.pdb,Top14,[N-]=[N+]=NC(CCC(N)=O)C(=O)N(Nc1cc([N+](=O)[O-])ccn1)C(=O)c1ccc(Cl)c(S(=O)(=O)N(Cc2ccccc2)c2ccccc2)c1,-150.86,-97.9487,-51.6966,-1.21456,15.0
Mtb_MraY_ligandless_BS-Top14_3d-4.pdb,Top14,[N-]=[N+]=NC(CCC(N)=O)C(=O)N(Nc1cc([N+](=O)[O-])ccn1)C(=O)c1ccc(Cl)c(S(=O)(=O)N(Cc2ccccc2)c2ccccc2)c1,-125.091,-89.5992,-35.5497,0.0577188,16.3958
Mtb_MraY_ligandless_BS-Top15_3d-0.pdb,Top15,[N-]=[N+]=NC1CC(C(=O)N(C(=O)NCc2ccccc2)c2ccc(O)c(C(=O)N3CCc4[nH]nc(CNC(=O)c5ccnc(-n6ccc([N+](=O)[O-])n6)c5)c4C3)c2)C1,-161.257,-120.961,-41.52,1.22409,19.2679
Mtb_MraY_ligandless_BS-Top15_3d-1.pdb,Top15,[N-]=[N+]=NC1CC(C(=O)N(C(=O)NCc2ccccc2)c2ccc(O)c(C(=O)N3CCc4[nH]nc(CNC(=O)c5ccnc(-n6ccc([N+](=O)[O-])n6)c5)c4C3)c2)C1,-132.499,-109.326,-22.6156,-0.557852,15.8393
Mtb_MraY_ligandless_BS-Top15_3d-2.pdb,Top15,[N-]=[N+]=NC1CC(C(=O)N(C(=O)NCc2ccccc2)c2ccc(O)c(C(=O)N3CCc4[nH]nc(CNC(=O)c5ccnc(-n6ccc([N+](=O)[O-])n6)c5)c4C3)c2)C1,-130.157,-91.6644,-37.7859,-0.706779,13.3571
Mtb_MraY_ligandless_BS-Top15_3d-3.pdb,Top15,[N-]=[N+]=NC1CC(C(=O)N(C(=O)NCc2ccccc2)c2ccc(O)c(C(=O)N3CCc4[nH]nc(CNC(=O)c5ccnc(-n6ccc([N+](=O)[O-])n6)c5)c4C3)c2)C1,-137.944,-110.502,-26.7922,-0.649471,16.8929
Mtb_MraY_ligandless_BS-Top15_3d-4.pdb,Top15,[N-]=[N+]=NC1CC(C(=O)N(C(=O)NCc2ccccc2)c2ccc(O)c(C(=O)N3CCc4[nH]nc(CNC(=O)c5ccnc(-n6ccc([N+](=O)[O-])n6)c5)c4C3)c2)C1,-134.613,-99.4048,-34.9269,-0.281094,14.875
Mtb_MraY_ligandless_BS-Top16_3d-0.pdb,Top16,Nc1nnc(CCC(=O)N(CC(CNC(=O)c2nccnc2C(=O)Nc2ccc(F)cc2)c2ccccc2)C(=O)CCc2nnc(N)[nH]2)[nH]1,-150.238,-106.442,-43.7958,0.0,18.5714
Mtb_MraY_ligandless_BS-Top16_3d-1.pdb,Top16,Nc1nnc(CCC(=O)N(CC(CNC(=O)c2nccnc2C(=O)Nc2ccc(F)cc2)c2ccccc2)C(=O)CCc2nnc(N)[nH]2)[nH]1,-131.485,-97.4369,-34.0484,0.0,15.1224
Mtb_MraY_ligandless_BS-Top16_3d-2.pdb,Top16,Nc1nnc(CCC(=O)N(CC(CNC(=O)c2nccnc2C(=O)Nc2ccc(F)cc2)c2ccccc2)C(=O)CCc2nnc(N)[nH]2)[nH]1,-127.596,-102.968,-24.6285,0.0,15.1837
Mtb_MraY_ligandless_BS-Top16_3d-3.pdb,Top16,Nc1nnc(CCC(=O)N(CC(CNC(=O)c2nccnc2C(=O)Nc2ccc(F)cc2)c2ccccc2)C(=O)CCc2nnc(N)[nH]2)[nH]1,-146.155,-115.796,-30.3589,0.0,18.6327
Mtb_MraY_ligandless_BS-Top16_3d-4.pdb,Top16,Nc1nnc(CCC(=O)N(CC(CNC(=O)c2nccnc2C(=O)Nc2ccc(F)cc2)c2ccccc2)C(=O)CCc2nnc(N)[nH]2)[nH]1,-135.886,-107.99,-27.8954,0.0,18.4898
Mtb_MraY_ligandless_BS-Top17_3d-0.pdb,Top17,COc1ccc(-c2nnc(SCC(=O)N(C(=O)c3cc(CN=[N+]=[N-])cc(N=[N+]=[N-])c3)c3nnn[nH]3)n2-c2ccc(C)cc2)cc1,-156.115,-119.615,-36.875,0.374627,22.4444
Mtb_MraY_ligandless_BS-Top17_3d-1.pdb,Top17,COc1ccc(-c2nnc(SCC(=O)N(C(=O)c3cc(CN=[N+]=[N-])cc(N=[N+]=[N-])c3)c3nnn[nH]3)n2-c2ccc(C)cc2)cc1,-142.982,-92.825,-49.8829,-0.274261,15.3333
Mtb_MraY_ligandless_BS-Top17_3d-2.pdb,Top17,COc1ccc(-c2nnc(SCC(=O)N(C(=O)c3cc(CN=[N+]=[N-])cc(N=[N+]=[N-])c3)c3nnn[nH]3)n2-c2ccc(C)cc2)cc1,-147.769,-96.6623,-50.9889,-0.118218,17.5556
Mtb_MraY_ligandless_BS-Top17_3d-3.pdb,Top17,COc1ccc(-c2nnc(SCC(=O)N(C(=O)c3cc(CN=[N+]=[N-])cc(N=[N+]=[N-])c3)c3nnn[nH]3)n2-c2ccc(C)cc2)cc1,-137.096,-100.999,-36.5205,0.42257,16.7556
Mtb_MraY_ligandless_BS-Top17_3d-4.pdb,Top17,COc1ccc(-c2nnc(SCC(=O)N(C(=O)c3cc(CN=[N+]=[N-])cc(N=[N+]=[N-])c3)c3nnn[nH]3)n2-c2ccc(C)cc2)cc1,-158.218,-113.802,-43.8321,-0.583512,21.0444
Mtb_MraY_ligandless_BS-Top18_3d-0.pdb,Top18,[N-]=[N+]=NC1CN(C(=O)c2cncc(-n3cnnn3)c2)CC1N(C(=O)c1cnc(O)c([N+](=O)[O-])c1)C(=O)c1c[nH]nn1,-178.539,-118.434,-60.0092,-0.0952712,28.3659
Mtb_MraY_ligandless_BS-Top18_3d-1.pdb,Top18,[N-]=[N+]=NC1CN(C(=O)c2cncc(-n3cnnn3)c2)CC1N(C(=O)c1cnc(O)c([N+](=O)[O-])c1)C(=O)c1c[nH]nn1,-137.808,-87.8489,-49.7693,-0.189368,17.7805
Mtb_MraY_ligandless_BS-Top18_3d-2.pdb,Top18,[N-]=[N+]=NC1CN(C(=O)c2cncc(-n3cnnn3)c2)CC1N(C(=O)c1cnc(O)c([N+](=O)[O-])c1)C(=O)c1c[nH]nn1,-170.472,-100.832,-68.8521,-0.788434,22.878
Mtb_MraY_ligandless_BS-Top18_3d-3.pdb,Top18,[N-]=[N+]=NC1CN(C(=O)c2cncc(-n3cnnn3)c2)CC1N(C(=O)c1cnc(O)c([N+](=O)[O-])c1)C(=O)c1c[nH]nn1,-155.709,-96.4334,-62.268,2.99217,18.5122
Mtb_MraY_ligandless_BS-Top18_3d-4.pdb,Top18,[N-]=[N+]=NC1CN(C(=O)c2cncc(-n3cnnn3)c2)CC1N(C(=O)c1cnc(O)c([N+](=O)[O-])c1)C(=O)c1c[nH]nn1,-153.567,-100.732,-53.8759,1.04106,23.2195
Mtb_MraY_ligandless_BS-Top19_3d-0.pdb,Top19,Nc1ncc(C(=O)Nc2ncc(C(=O)N3CC(O)C(N(Cc4ccccc4)C(=O)c4cc(-c5ccncc5)nnc4O)C3)cc2[N+](=O)[O-])cc1[N+](=O)[O-],-137.481,-92.6622,-46.3532,1.53452,14.4151
Mtb_MraY_ligandless_BS-Top19_3d-1.pdb,Top19,Nc1ncc(C(=O)Nc2ncc(C(=O)N3CC(O)C(N(Cc4ccccc4)C(=O)c4cc(-c5ccncc5)nnc4O)C3)cc2[N+](=O)[O-])cc1[N+](=O)[O-],-133.338,-86.7949,-46.2844,-0.258314,13.9623
Mtb_MraY_ligandless_BS-Top19_3d-2.pdb,Top19,Nc1ncc(C(=O)Nc2ncc(C(=O)N3CC(O)C(N(Cc4ccccc4)C(=O)c4cc(-c5ccncc5)nnc4O)C3)cc2[N+](=O)[O-])cc1[N+](=O)[O-],-131.768,-82.1252,-49.2165,-0.426022,14.566
Mtb_MraY_ligandless_BS-Top19_3d-3.pdb,Top19,Nc1ncc(C(=O)Nc2ncc(C(=O)N3CC(O)C(N(Cc4ccccc4)C(=O)c4cc(-c5ccncc5)nnc4O)C3)cc2[N+](=O)[O-])cc1[N+](=O)[O-],-158.382,-99.8748,-59.3756,0.868223,20.3962
Mtb_MraY_ligandless_BS-Top19_3d-4.pdb,Top19,Nc1ncc(C(=O)Nc2ncc(C(=O)N3CC(O)C(N(Cc4ccccc4)C(=O)c4cc(-c5ccncc5)nnc4O)C3)cc2[N+](=O)[O-])cc1[N+](=O)[O-],-141.72,-100.135,-40.3097,-1.27518,16.3962
Mtb_MraY_ligandless_BS-Top20_3d-0.pdb,Top20,CCn1cc([N+](=O)[O-])c(C(=O)NCc2cc(O)nc(CN(C(=O)c3cc([N+](=O)[O-])cnc3O)C(=O)c3cnc4cc5c(cc4c3O)OCCO5)n2)n1,-122.372,-90.0166,-35.3494,2.99357,12.1538
Mtb_MraY_ligandless_BS-Top20_3d-1.pdb,Top20,CCn1cc([N+](=O)[O-])c(C(=O)NCc2cc(O)nc(CN(C(=O)c3cc([N+](=O)[O-])cnc3O)C(=O)c3cnc4cc5c(cc4c3O)OCCO5)n2)n1,-155.577,-118.423,-38.5665,1.41277,19.8269
Mtb_MraY_ligandless_BS-Top20_3d-2.pdb,Top20,CCn1cc([N+](=O)[O-])c(C(=O)NCc2cc(O)nc(CN(C(=O)c3cc([N+](=O)[O-])cnc3O)C(=O)c3cnc4cc5c(cc4c3O)OCCO5)n2)n1,-147.67,-106.37,-42.2851,0.984737,15.9615
Mtb_MraY_ligandless_BS-Top20_3d-3.pdb,Top20,CCn1cc([N+](=O)[O-])c(C(=O)NCc2cc(O)nc(CN(C(=O)c3cc([N+](=O)[O-])cnc3O)C(=O)c3cnc4cc5c(cc4c3O)OCCO5)n2)n1,-153.705,-111.561,-41.713,-0.431434,16.8654
Mtb_MraY_ligandless_BS-Top20_3d-4.pdb,Top20,CCn1cc([N+](=O)[O-])c(C(=O)NCc2cc(O)nc(CN(C(=O)c3cc([N+](=O)[O-])cnc3O)C(=O)c3cnc4cc5c(cc4c3O)OCCO5)n2)n1,-148.586,-128.493,-23.3278,3.23486,19.8077
Mtb_MraY_ligandless_BS-Top21_3d-0.pdb,Top21,O=C(CCc1nc(-c2nnc[nH]2)no1)N1CCn2c(nnc2CN(C(=O)CCc2nc(-c3nnc[nH]3)no2)C(=O)CCc2nc(-c3nnc[nH]3)no2)C1,-153.328,-97.1418,-56.1865,0.0,20.3585
Mtb_MraY_ligandless_BS-Top21_3d-1.pdb,Top21,O=C(CCc1nc(-c2nnc[nH]2)no1)N1CCn2c(nnc2CN(C(=O)CCc2nc(-c3nnc[nH]3)no2)C(=O)CCc2nc(-c3nnc[nH]3)no2)C1,-153.532,-93.6841,-59.8479,0.0,19.2642
Mtb_MraY_ligandless_BS-Top21_3d-2.pdb,Top21,O=C(CCc1nc(-c2nnc[nH]2)no1)N1CCn2c(nnc2CN(C(=O)CCc2nc(-c3nnc[nH]3)no2)C(=O)CCc2nc(-c3nnc[nH]3)no2)C1,-148.355,-112.355,-36.0,0.0,16.0755
Mtb_MraY_ligandless_BS-Top21_3d-3.pdb,Top21,O=C(CCc1nc(-c2nnc[nH]2)no1)N1CCn2c(nnc2CN(C(=O)CCc2nc(-c3nnc[nH]3)no2)C(=O)CCc2nc(-c3nnc[nH]3)no2)C1,-142.391,-113.057,-29.3345,0.0,17.9057
Mtb_MraY_ligandless_BS-Top21_3d-4.pdb,Top21,O=C(CCc1nc(-c2nnc[nH]2)no1)N1CCn2c(nnc2CN(C(=O)CCc2nc(-c3nnc[nH]3)no2)C(=O)CCc2nc(-c3nnc[nH]3)no2)C1,-136.465,-117.304,-19.1611,0.0,16.1887
Mtb_MraY_ligandless_BS-Top22_3d-0.pdb,Top22,O=C(NCCCN(Cc1cccnc1)C(=O)CN(C(=O)c1ccc2[nH]nnc2c1)C(=O)c1ccccc1NS(=O)(=O)c1ccc2[nH]c(=O)[nH]c2c1)c1sccc1-n1cnnn1,-162.978,-136.718,-26.2598,0.0,15.7541
Mtb_MraY_ligandless_BS-Top22_3d-1.pdb,Top22,O=C(NCCCN(Cc1cccnc1)C(=O)CN(C(=O)c1ccc2[nH]nnc2c1)C(=O)c1ccccc1NS(=O)(=O)c1ccc2[nH]c(=O)[nH]c2c1)c1sccc1-n1cnnn1,-148.455,-123.529,-24.926,0.0,15.3934
Mtb_MraY_ligandless_BS-Top22_3d-2.pdb,Top22,O=C(NCCCN(Cc1cccnc1)C(=O)CN(C(=O)c1ccc2[nH]nnc2c1)C(=O)c1ccccc1NS(=O)(=O)c1ccc2[nH]c(=O)[nH]c2c1)c1sccc1-n1cnnn1,-131.316,-97.8299,-33.4859,0.0,12.3443
Mtb_MraY_ligandless_BS-Top22_3d-3.pdb,Top22,O=C(NCCCN(Cc1cccnc1)C(=O)CN(C(=O)c1ccc2[nH]nnc2c1)C(=O)c1ccccc1NS(=O)(=O)c1ccc2[nH]c(=O)[nH]c2c1)c1sccc1-n1cnnn1,-170.294,-141.158,-29.1358,0.0,18.7541
Mtb_MraY_ligandless_BS-Top22_3d-4.pdb,Top22,O=C(NCCCN(Cc1cccnc1)C(=O)CN(C(=O)c1ccc2[nH]nnc2c1)C(=O)c1ccccc1NS(=O)(=O)c1ccc2[nH]c(=O)[nH]c2c1)c1sccc1-n1cnnn1,-145.069,-103.002,-42.0666,0.0,14.0
Mtb_MraY_ligandless_BS-Top23_3d-0.pdb,Top23,Cc1nnnn1-c1cc(F)cc(C(=O)N(C(=O)c2cccc(Nc3nnn[nH]3)c2)c2ncc3nn[nH]c3n2)c1,-127.637,-87.585,-40.0516,0.0,16.8205
Mtb_MraY_ligandless_BS-Top23_3d-1.pdb,Top23,Cc1nnnn1-c1cc(F)cc(C(=O)N(C(=O)c2cccc(Nc3nnn[nH]3)c2)c2ncc3nn[nH]c3n2)c1,-140.999,-106.704,-34.2949,0.0,23.9487
Mtb_MraY_ligandless_BS-Top23_3d-2.pdb,Top23,Cc1nnnn1-c1cc(F)cc(C(=O)N(C(=O)c2cccc(Nc3nnn[nH]3)c2)c2ncc3nn[nH]c3n2)c1,-142.144,-92.9441,-49.1997,0.0,22.1282
Mtb_MraY_ligandless_BS-Top23_3d-3.pdb,Top23,Cc1nnnn1-c1cc(F)cc(C(=O)N(C(=O)c2cccc(Nc3nnn[nH]3)c2)c2ncc3nn[nH]c3n2)c1,-136.417,-88.7649,-47.6518,0.0,22.8462
Mtb_MraY_ligandless_BS-Top23_3d-4.pdb,Top23,Cc1nnnn1-c1cc(F)cc(C(=O)N(C(=O)c2cccc(Nc3nnn[nH]3)c2)c2ncc3nn[nH]c3n2)c1,-139.064,-93.3195,-45.7448,0.0,17.2051
Mtb_MraY_ligandless_BS-Top2_3d-0.pdb,Top2,N#Cc1ccc(N2C(=O)NC(CCC(=O)N(Nc3ccc(-c4cccc(C(F)(F)F)c4)nn3)C(=O)CCc3ccccc3N=[N+]=[N-])C2=O)cc1,-135.52,-100.219,-35.2297,-0.0706406,17.74
Mtb_MraY_ligandless_BS-Top2_3d-1.pdb,Top2,N#Cc1ccc(N2C(=O)NC(CCC(=O)N(Nc3ccc(-c4cccc(C(F)(F)F)c4)nn3)C(=O)CCc3ccccc3N=[N+]=[N-])C2=O)cc1,-123.513,-95.1549,-28.6174,0.258877,15.66
Mtb_MraY_ligandless_BS-Top2_3d-2.pdb,Top2,N#Cc1ccc(N2C(=O)NC(CCC(=O)N(Nc3ccc(-c4cccc(C(F)(F)F)c4)nn3)C(=O)CCc3ccccc3N=[N+]=[N-])C2=O)cc1,-129.077,-115.203,-13.791,-0.0828046,18.14
Mtb_MraY_ligandless_BS-Top2_3d-3.pdb,Top2,N#Cc1ccc(N2C(=O)NC(CCC(=O)N(Nc3ccc(-c4cccc(C(F)(F)F)c4)nn3)C(=O)CCc3ccccc3N=[N+]=[N-])C2=O)cc1,-120.496,-100.881,-19.6152,0.0,14.38
Mtb_MraY_ligandless_BS-Top2_3d-4.pdb,Top2,N#Cc1ccc(N2C(=O)NC(CCC(=O)N(Nc3ccc(-c4cccc(C(F)(F)F)c4)nn3)C(=O)CCc3ccccc3N=[N+]=[N-])C2=O)cc1,-145.149,-117.506,-27.0894,-0.553377,16.7
Mtb_MraY_ligandless_BS-Top24_3d-0.pdb,Top24,COc1cc(C=C2CCc3c2nc2ccccc2c3C(=O)N(Cc2nnc(CO)[nH]2)C(=O)c2cnncc2O)cc(OC)c1OC,-139.308,-92.8814,-46.4262,0.0,15.6087
Mtb_MraY_ligandless_BS-Top24_3d-1.pdb,Top24,COc1cc(C=C2CCc3c2nc2ccccc2c3C(=O)N(Cc2nnc(CO)[nH]2)C(=O)c2cnncc2O)cc(OC)c1OC,-138.413,-98.9648,-39.4479,0.0,15.0
Mtb_MraY_ligandless_BS-Top24_3d-2.pdb,Top24,COc1cc(C=C2CCc3c2nc2ccccc2c3C(=O)N(Cc2nnc(CO)[nH]2)C(=O)c2cnncc2O)cc(OC)c1OC,-140.983,-104.394,-36.589,0.0,20.7391
Mtb_MraY_ligandless_BS-Top24_3d-3.pdb,Top24,COc1cc(C=C2CCc3c2nc2ccccc2c3C(=O)N(Cc2nnc(CO)[nH]2)C(=O)c2cnncc2O)cc(OC)c1OC,-118.855,-106.112,-12.743,0.0,16.8043
Mtb_MraY_ligandless_BS-Top24_3d-4.pdb,Top24,COc1cc(C=C2CCc3c2nc2ccccc2c3C(=O)N(Cc2nnc(CO)[nH]2)C(=O)c2cnncc2O)cc(OC)c1OC,-123.445,-110.445,-13.0,0.0,15.9565
Mtb_MraY_ligandless_BS-Top25_3d-0.pdb,Top25,N#Cc1c(CCCNC(=O)CCc2nnc(-c3cc4ccccc4o3)o2)nn(-c2ccc(F)cc2)c1NC(=O)NCCn1ncnn1,-144.864,-117.934,-26.9308,0.0,20.383
Mtb_MraY_ligandless_BS-Top25_3d-1.pdb,Top25,N#Cc1c(CCCNC(=O)CCc2nnc(-c3cc4ccccc4o3)o2)nn(-c2ccc(F)cc2)c1NC(=O)NCCn1ncnn1,-137.523,-119.57,-17.9535,0.0,19.4681
Mtb_MraY_ligandless_BS-Top25_3d-2.pdb,Top25,N#Cc1c(CCCNC(=O)CCc2nnc(-c3cc4ccccc4o3)o2)nn(-c2ccc(F)cc2)c1NC(=O)NCCn1ncnn1,-122.873,-111.573,-11.2998,0.0,18.1915
Mtb_MraY_ligandless_BS-Top25_3d-3.pdb,Top25,N#Cc1c(CCCNC(=O)CCc2nnc(-c3cc4ccccc4o3)o2)nn(-c2ccc(F)cc2)c1NC(=O)NCCn1ncnn1,-145.72,-113.342,-32.3773,0.0,19.9149
Mtb_MraY_ligandless_BS-Top25_3d-4.pdb,Top25,N#Cc1c(CCCNC(=O)CCc2nnc(-c3cc4ccccc4o3)o2)nn(-c2ccc(F)cc2)c1NC(=O)NCCn1ncnn1,-147.496,-124.811,-22.6859,0.0,21.6383
Mtb_MraY_ligandless_BS-Top26_3d-0.pdb,Top26,[N-]=[N+]=NCc1cc(N=[N+]=[N-])cc(C(=O)N(C(=O)c2cc([N+](=O)[O-])ccc2Sc2nnnn2-c2ccccc2)c2nnn[nH]2)c1,-149.095,-103.558,-46.7439,1.20688,19.2045
Mtb_MraY_ligandless_BS-Top26_3d-1.pdb,Top26,[N-]=[N+]=NCc1cc(N=[N+]=[N-])cc(C(=O)N(C(=O)c2cc([N+](=O)[O-])ccc2Sc2nnnn2-c2ccccc2)c2nnn[nH]2)c1,-152.356,-90.7513,-61.6048,0.0,16.2955
Mtb_MraY_ligandless_BS-Top26_3d-2.pdb,Top26,[N-]=[N+]=NCc1cc(N=[N+]=[N-])cc(C(=O)N(C(=O)c2cc([N+](=O)[O-])ccc2Sc2nnnn2-c2ccccc2)c2nnn[nH]2)c1,-137.272,-85.3703,-50.9837,-0.918296,17.2955
Mtb_MraY_ligandless_BS-Top26_3d-3.pdb,Top26,[N-]=[N+]=NCc1cc(N=[N+]=[N-])cc(C(=O)N(C(=O)c2cc([N+](=O)[O-])ccc2Sc2nnnn2-c2ccccc2)c2nnn[nH]2)c1,-154.709,-82.9532,-71.0143,-0.741737,21.5455
Mtb_MraY_ligandless_BS-Top26_3d-4.pdb,Top26,[N-]=[N+]=NCc1cc(N=[N+]=[N-])cc(C(=O)N(C(=O)c2cc([N+](=O)[O-])ccc2Sc2nnnn2-c2ccccc2)c2nnn[nH]2)c1,-122.083,-84.9426,-37.1376,-0.0027125,15.5682
Mtb_MraY_ligandless_BS-Top27_3d-0.pdb,Top27,[N-]=[N+]=NC(CCC(=O)NC(=O)C(=O)NCc1nnn[nH]1)C(=O)NC1CN(C(=O)OCc2ccccc2)CC1N=[N+]=[N-],-143.398,-86.7904,-56.3298,-0.277728,23.5854
Mtb_MraY_ligandless_BS-Top27_3d-1.pdb,Top27,[N-]=[N+]=NC(CCC(=O)NC(=O)C(=O)NCc1nnn[nH]1)C(=O)NC1CN(C(=O)OCc2ccccc2)CC1N=[N+]=[N-],-160.913,-104.92,-55.4608,-0.532185,22.5122
Mtb_MraY_ligandless_BS-Top27_3d-2.pdb,Top27,[N-]=[N+]=NC(CCC(=O)NC(=O)C(=O)NCc1nnn[nH]1)C(=O)NC1CN(C(=O)OCc2ccccc2)CC1N=[N+]=[N-],-128.738,-73.6988,-54.6735,-0.365142,15.0488
Mtb_MraY_ligandless_BS-Top27_3d-3.pdb,Top27,[N-]=[N+]=NC(CCC(=O)NC(=O)C(=O)NCc1nnn[nH]1)C(=O)NC1CN(C(=O)OCc2ccccc2)CC1N=[N+]=[N-],-152.838,-88.692,-64.1224,-0.0239648,22.6098
Mtb_MraY_ligandless_BS-Top27_3d-4.pdb,Top27,[N-]=[N+]=NC(CCC(=O)NC(=O)C(=O)NCc1nnn[nH]1)C(=O)NC1CN(C(=O)OCc2ccccc2)CC1N=[N+]=[N-],-149.093,-97.2648,-50.8628,-0.965079,24.561
Mtb_MraY_ligandless_BS-Top28_3d-0.pdb,Top28,CC(Cn1cc(CNC(=O)c2cncc3nc(O)[nH]c23)nn1)N(C(=O)c1cc(-c2ccco2)n2cnc(C(N)=O)c2n1)C(=O)c1nc2cncnc2nc1O,-131.766,-108.996,-22.7705,0.0,15.4545
Mtb_MraY_ligandless_BS-Top28_3d-1.pdb,Top28,CC(Cn1cc(CNC(=O)c2cncc3nc(O)[nH]c23)nn1)N(C(=O)c1cc(-c2ccco2)n2cnc(C(N)=O)c2n1)C(=O)c1nc2cncnc2nc1O,-126.23,-102.801,-23.4291,0.0,16.8545
Mtb_MraY_ligandless_BS-Top28_3d-2.pdb,Top28,CC(Cn1cc(CNC(=O)c2cncc3nc(O)[nH]c23)nn1)N(C(=O)c1cc(-c2ccco2)n2cnc(C(N)=O)c2n1)C(=O)c1nc2cncnc2nc1O,-137.599,-94.6808,-42.9182,0.0,18.2
Mtb_MraY_ligandless_BS-Top28_3d-3.pdb,Top28,CC(Cn1cc(CNC(=O)c2cncc3nc(O)[nH]c23)nn1)N(C(=O)c1cc(-c2ccco2)n2cnc(C(N)=O)c2n1)C(=O)c1nc2cncnc2nc1O,-127.648,-94.2838,-33.3646,0.0,16.9091
Mtb_MraY_ligandless_BS-Top28_3d-4.pdb,Top28,CC(Cn1cc(CNC(=O)c2cncc3nc(O)[nH]c23)nn1)N(C(=O)c1cc(-c2ccco2)n2cnc(C(N)=O)c2n1)C(=O)c1nc2cncnc2nc1O,-148.906,-97.4886,-51.4174,0.0,15.4182
Mtb_MraY_ligandless_BS-Top29_3d-0.pdb,Top29,[N-]=[N+]=Nc1cccc(C(=O)N(NC(=O)c2cc([N+](=O)[O-])cnc2O)C(=O)c2cccc(S(=O)(=O)Nc3cccc(C(F)(F)F)c3)c2)c1,-165.528,-131.399,-33.0429,-1.08665,27.234
Mtb_MraY_ligandless_BS-Top29_3d-1.pdb,Top29,[N-]=[N+]=Nc1cccc(C(=O)N(NC(=O)c2cc([N+](=O)[O-])cnc2O)C(=O)c2cccc(S(=O)(=O)Nc3cccc(C(F)(F)F)c3)c2)c1,-144.917,-105.189,-40.6113,0.883238,16.6383
Mtb_MraY_ligandless_BS-Top29_3d-2.pdb,Top29,[N-]=[N+]=Nc1cccc(C(=O)N(NC(=O)c2cc([N+](=O)[O-])cnc2O)C(=O)c2cccc(S(=O)(=O)Nc3cccc(C(F)(F)F)c3)c2)c1,-173.328,-142.062,-31.2461,-0.0199073,22.3617
Mtb_MraY_ligandless_BS-Top29_3d-3.pdb,Top29,[N-]=[N+]=Nc1cccc(C(=O)N(NC(=O)c2cc([N+](=O)[O-])cnc2O)C(=O)c2cccc(S(=O)(=O)Nc3cccc(C(F)(F)F)c3)c2)c1,-133.103,-94.1428,-39.8163,0.856478,15.5319
Mtb_MraY_ligandless_BS-Top29_3d-4.pdb,Top29,[N-]=[N+]=Nc1cccc(C(=O)N(NC(=O)c2cc([N+](=O)[O-])cnc2O)C(=O)c2cccc(S(=O)(=O)Nc3cccc(C(F)(F)F)c3)c2)c1,-143.287,-99.4357,-43.1984,-0.653005,15.7234
Mtb_MraY_ligandless_BS-Top30_3d-0.pdb,Top30,O=C(CCc1nn[nH]n1)N(Nc1ccc(S(=O)(=O)Nc2ccccn2)cn1)C(=O)Cc1c(O)ncnc1O,-143.566,-96.7781,-46.7882,0.0,23.0263
Mtb_MraY_ligandless_BS-Top30_3d-1.pdb,Top30,O=C(CCc1nn[nH]n1)N(Nc1ccc(S(=O)(=O)Nc2ccccn2)cn1)C(=O)Cc1c(O)ncnc1O,-162.671,-112.995,-49.6762,0.0,22.9737
Mtb_MraY_ligandless_BS-Top30_3d-2.pdb,Top30,O=C(CCc1nn[nH]n1)N(Nc1ccc(S(=O)(=O)Nc2ccccn2)cn1)C(=O)Cc1c(O)ncnc1O,-151.239,-95.49,-55.7495,0.0,22.4211
Mtb_MraY_ligandless_BS-Top30_3d-3.pdb,Top30,O=C(CCc1nn[nH]n1)N(Nc1ccc(S(=O)(=O)Nc2ccccn2)cn1)C(=O)Cc1c(O)ncnc1O,-135.187,-93.0689,-42.1184,0.0,19.1053
Mtb_MraY_ligandless_BS-Top30_3d-4.pdb,Top30,O=C(CCc1nn[nH]n1)N(Nc1ccc(S(=O)(=O)Nc2ccccn2)cn1)C(=O)Cc1c(O)ncnc1O,-171.572,-117.174,-54.3976,0.0,22.7895
Mtb_MraY_ligandless_BS-Top31_3d-0.pdb,Top31,O=C(NN(C(=O)c1c[nH]nn1)C(=O)c1cc(-c2ccccc2)nc2c1cnn2Cc1cccnc1)c1cn[nH]c1-n1cnnn1,-131.595,-90.0339,-41.5611,0.0,17.8
Mtb_MraY_ligandless_BS-Top31_3d-1.pdb,Top31,O=C(NN(C(=O)c1c[nH]nn1)C(=O)c1cc(-c2ccccc2)nc2c1cnn2Cc1cccnc1)c1cn[nH]c1-n1cnnn1,-146.811,-120.115,-26.6962,0.0,19.7778
Mtb_MraY_ligandless_BS-Top31_3d-2.pdb,Top31,O=C(NN(C(=O)c1c[nH]nn1)C(=O)c1cc(-c2ccccc2)nc2c1cnn2Cc1cccnc1)c1cn[nH]c1-n1cnnn1,-112.017,-85.5503,-26.4664,0.0,13.9333
Mtb_MraY_ligandless_BS-Top31_3d-3.pdb,Top31,O=C(NN(C(=O)c1c[nH]nn1)C(=O)c1cc(-c2ccccc2)nc2c1cnn2Cc1cccnc1)c1cn[nH]c1-n1cnnn1,-124.671,-90.1137,-34.5575,0.0,16.4667
Mtb_MraY_ligandless_BS-Top31_3d-4.pdb,Top31,O=C(NN(C(=O)c1c[nH]nn1)C(=O)c1cc(-c2ccccc2)nc2c1cnn2Cc1cccnc1)c1cn[nH]c1-n1cnnn1,-146.647,-100.151,-46.4969,0.0,18.0667
Mtb_MraY_ligandless_BS-Top32_3d-0.pdb,Top32,O=C(NCc1cccc(-n2cc(CN(C(=O)c3n[nH]cc3[N+](=O)[O-])C(=O)c3n[nH]cc3[N+](=O)[O-])nn2)c1)c1n[nH]cc1[N+](=O)[O-],-152.978,-98.9108,-52.4015,-1.66564,17.9333
Mtb_MraY_ligandless_BS-Top32_3d-1.pdb,Top32,O=C(NCc1cccc(-n2cc(CN(C(=O)c3n[nH]cc3[N+](=O)[O-])C(=O)c3n[nH]cc3[N+](=O)[O-])nn2)c1)c1n[nH]cc1[N+](=O)[O-],-127.171,-73.1668,-53.5123,-0.492225,14.3556
Mtb_MraY_ligandless_BS-Top32_3d-2.pdb,Top32,O=C(NCc1cccc(-n2cc(CN(C(=O)c3n[nH]cc3[N+](=O)[O-])C(=O)c3n[nH]cc3[N+](=O)[O-])nn2)c1)c1n[nH]cc1[N+](=O)[O-],-161.719,-112.705,-49.8396,0.825321,19.0222
Mtb_MraY_ligandless_BS-Top32_3d-3.pdb,Top32,O=C(NCc1cccc(-n2cc(CN(C(=O)c3n[nH]cc3[N+](=O)[O-])C(=O)c3n[nH]cc3[N+](=O)[O-])nn2)c1)c1n[nH]cc1[N+](=O)[O-],-146.623,-92.6245,-53.742,-0.256232,17.0889
Mtb_MraY_ligandless_BS-Top32_3d-4.pdb,Top32,O=C(NCc1cccc(-n2cc(CN(C(=O)c3n[nH]cc3[N+](=O)[O-])C(=O)c3n[nH]cc3[N+](=O)[O-])nn2)c1)c1n[nH]cc1[N+](=O)[O-],-134.015,-82.9477,-52.0509,0.983184,15.2444
Mtb_MraY_ligandless_BS-Top33_3d-0.pdb,Top33,O=C(c1n[nH]c(=O)[nH]c1=O)N1CCn2c(nnc2CN(C(=O)c2n[nH]c(=O)[nH]c2=O)C(=O)c2nccc3[nH]nnc23)C1,-146.045,-107.52,-38.5253,0.0,23.2857
Mtb_MraY_ligandless_BS-Top33_3d-1.pdb,Top33,O=C(c1n[nH]c(=O)[nH]c1=O)N1CCn2c(nnc2CN(C(=O)c2n[nH]c(=O)[nH]c2=O)C(=O)c2nccc3[nH]nnc23)C1,-163.42,-110.603,-52.8166,0.0,24.6905
Mtb_MraY_ligandless_BS-Top33_3d-2.pdb,Top33,O=C(c1n[nH]c(=O)[nH]c1=O)N1CCn2c(nnc2CN(C(=O)c2n[nH]c(=O)[nH]c2=O)C(=O)c2nccc3[nH]nnc23)C1,-148.273,-101.823,-46.4504,0.0,24.7381
Mtb_MraY_ligandless_BS-Top33_3d-3.pdb,Top33,O=C(c1n[nH]c(=O)[nH]c1=O)N1CCn2c(nnc2CN(C(=O)c2n[nH]c(=O)[nH]c2=O)C(=O)c2nccc3[nH]nnc23)C1,-136.286,-88.8155,-47.4707,0.0,19.3095
Mtb_MraY_ligandless_BS-Top33_3d-4.pdb,Top33,O=C(c1n[nH]c(=O)[nH]c1=O)N1CCn2c(nnc2CN(C(=O)c2n[nH]c(=O)[nH]c2=O)C(=O)c2nccc3[nH]nnc23)C1,-158.978,-93.7598,-65.2184,0.0,24.6667
Mtb_MraY_ligandless_BS-Top3_3d-0.pdb,Top3,COc1ccc(N)cc1N(C(=O)Cc1noc(C)c1-c1nn[nH]n1)C(=O)N(C(=O)c1n[nH]c(=O)[nH]c1=O)c1ccccc1OC,-147.595,-104.305,-43.2908,0.0,18.6667
Mtb_MraY_ligandless_BS-Top3_3d-1.pdb,Top3,COc1ccc(N)cc1N(C(=O)Cc1noc(C)c1-c1nn[nH]n1)C(=O)N(C(=O)c1n[nH]c(=O)[nH]c1=O)c1ccccc1OC,-131.657,-100.374,-31.283,0.0,16.9111
Mtb_MraY_ligandless_BS-Top3_3d-2.pdb,Top3,COc1ccc(N)cc1N(C(=O)Cc1noc(C)c1-c1nn[nH]n1)C(=O)N(C(=O)c1n[nH]c(=O)[nH]c1=O)c1ccccc1OC,-142.424,-92.802,-49.6221,0.0,17.2
Mtb_MraY_ligandless_BS-Top3_3d-3.pdb,Top3,COc1ccc(N)cc1N(C(=O)Cc1noc(C)c1-c1nn[nH]n1)C(=O)N(C(=O)c1n[nH]c(=O)[nH]c1=O)c1ccccc1OC,-138.637,-100.52,-38.1172,0.0,17.8889
Mtb_MraY_ligandless_BS-Top3_3d-4.pdb,Top3,COc1ccc(N)cc1N(C(=O)Cc1noc(C)c1-c1nn[nH]n1)C(=O)N(C(=O)c1n[nH]c(=O)[nH]c1=O)c1ccccc1OC,-122.793,-86.8317,-35.9611,0.0,14.3333
Mtb_MraY_ligandless_BS-Top34_3d-0.pdb,Top34,COc1cc2c(cc1NS(=O)(=O)c1cccc(C(=O)N(Cc3cc(O)nc(CNC(=O)c4ccc5[nH]nnc5n4)n3)C(=O)CNc3ccc([N+](=O)[O-])c4nonc34)c1)oc1ccccc12,-139.961,-99.7676,-40.6878,0.494335,11.9692
Mtb_MraY_ligandless_BS-Top34_3d-1.pdb,Top34,COc1cc2c(cc1NS(=O)(=O)c1cccc(C(=O)N(Cc3cc(O)nc(CNC(=O)c4ccc5[nH]nnc5n4)n3)C(=O)CNc3ccc([N+](=O)[O-])c4nonc34)c1)oc1ccccc12,-161.179,-101.854,-57.2985,-2.02603,14.7692
Mtb_MraY_ligandless_BS-Top34_3d-2.pdb,Top34,COc1cc2c(cc1NS(=O)(=O)c1cccc(C(=O)N(Cc3cc(O)nc(CNC(=O)c4ccc5[nH]nnc5n4)n3)C(=O)CNc3ccc([N+](=O)[O-])c4nonc34)c1)oc1ccccc12,-144.547,-117.343,-26.674,-0.529568,17.5385
Mtb_MraY_ligandless_BS-Top34_3d-3.pdb,Top34,COc1cc2c(cc1NS(=O)(=O)c1cccc(C(=O)N(Cc3cc(O)nc(CNC(=O)c4ccc5[nH]nnc5n4)n3)C(=O)CNc3ccc([N+](=O)[O-])c4nonc34)c1)oc1ccccc12,-138.93,-111.577,-28.559,1.20603,13.0308
Mtb_MraY_ligandless_BS-Top34_3d-4.pdb,Top34,COc1cc2c(cc1NS(=O)(=O)c1cccc(C(=O)N(Cc3cc(O)nc(CNC(=O)c4ccc5[nH]nnc5n4)n3)C(=O)CNc3ccc([N+](=O)[O-])c4nonc34)c1)oc1ccccc12,-152.44,-87.6723,-63.7131,-1.05448,14.1846
Mtb_MraY_ligandless_BS-Top35_3d-0.pdb,Top35,NCc1cn(CC(=O)N(C(=O)CNc2ccc([N+](=O)[O-])c3nonc23)c2cc(Cl)cc(OC(=O)c3cccc(S(=O)(=O)Nc4ccc(OCc5ccccc5)cc4)c3)c2)nn1,-117.974,-98.4322,-19.5417,0.0,12.1475
Mtb_MraY_ligandless_BS-Top35_3d-1.pdb,Top35,NCc1cn(CC(=O)N(C(=O)CNc2ccc([N+](=O)[O-])c3nonc23)c2cc(Cl)cc(OC(=O)c3cccc(S(=O)(=O)Nc4ccc(OCc5ccccc5)cc4)c3)c2)nn1,-148.482,-112.221,-37.732,1.47101,14.377
Mtb_MraY_ligandless_BS-Top35_3d-2.pdb,Top35,NCc1cn(CC(=O)N(C(=O)CNc2ccc([N+](=O)[O-])c3nonc23)c2cc(Cl)cc(OC(=O)c3cccc(S(=O)(=O)Nc4ccc(OCc5ccccc5)cc4)c3)c2)nn1,-136.162,-116.462,-20.5846,0.884438,15.5738
Mtb_MraY_ligandless_BS-Top35_3d-3.pdb,Top35,NCc1cn(CC(=O)N(C(=O)CNc2ccc([N+](=O)[O-])c3nonc23)c2cc(Cl)cc(OC(=O)c3cccc(S(=O)(=O)Nc4ccc(OCc5ccccc5)cc4)c3)c2)nn1,-131.962,-88.9025,-43.1135,0.0542513,15.4426
Mtb_MraY_ligandless_BS-Top35_3d-4.pdb,Top35,NCc1cn(CC(=O)N(C(=O)CNc2ccc([N+](=O)[O-])c3nonc23)c2cc(Cl)cc(OC(=O)c3cccc(S(=O)(=O)Nc4ccc(OCc5ccccc5)cc4)c3)c2)nn1,-156.493,-104.502,-50.5856,-1.40597,19.0656
Mtb_MraY_ligandless_BS-Top36_3d-0.pdb,Top36,O=C(Nc1ccc(O)cc1C(=O)N(CCc1cc(O)nc(C2CC2)n1)C(=O)c1cccc(Nc2nc3ccccc3c(=O)[nH]2)c1)OCc1ccccc1,-139.622,-104.755,-34.8673,0.0,15.3208
Mtb_MraY_ligandless_BS-Top36_3d-1.pdb,Top36,O=C(Nc1ccc(O)cc1C(=O)N(CCc1cc(O)nc(C2CC2)n1)C(=O)c1cccc(Nc2nc3ccccc3c(=O)[nH]2)c1)OCc1ccccc1,-133.691,-108.06,-25.6312,0.0,17.0943
Mtb_MraY_ligandless_BS-Top36_3d-2.pdb,Top36,O=C(Nc1ccc(O)cc1C(=O)N(CCc1cc(O)nc(C2CC2)n1)C(=O)c1cccc(Nc2nc3ccccc3c(=O)[nH]2)c1)OCc1ccccc1,-110.602,-98.6951,-11.9072,0.0,12.717
Mtb_MraY_ligandless_BS-Top36_3d-3.pdb,Top36,O=C(Nc1ccc(O)cc1C(=O)N(CCc1cc(O)nc(C2CC2)n1)C(=O)c1cccc(Nc2nc3ccccc3c(=O)[nH]2)c1)OCc1ccccc1,-137.779,-116.822,-20.9573,0.0,15.566
Mtb_MraY_ligandless_BS-Top36_3d-4.pdb,Top36,O=C(Nc1ccc(O)cc1C(=O)N(CCc1cc(O)nc(C2CC2)n1)C(=O)c1cccc(Nc2nc3ccccc3c(=O)[nH]2)c1)OCc1ccccc1,-132.265,-113.446,-18.8193,0.0,16.3962
Mtb_MraY_ligandless_BS-Top37_3d-0.pdb,Top37,[N-]=[N+]=NC1CN(C(=O)OCc2ccccc2)CC1N(C(=O)c1ccc(-c2nnn[nH]2)nc1)C(=O)c1ccc(-c2nnn[nH]2)nc1,-187.983,-135.221,-52.8223,0.060265,25.6222
Mtb_MraY_ligandless_BS-Top37_3d-1.pdb,Top37,[N-]=[N+]=NC1CN(C(=O)OCc2ccccc2)CC1N(C(=O)c1ccc(-c2nnn[nH]2)nc1)C(=O)c1ccc(-c2nnn[nH]2)nc1,-166.387,-117.359,-49.2272,0.199213,18.3778
Mtb_MraY_ligandless_BS-Top37_3d-2.pdb,Top37,[N-]=[N+]=NC1CN(C(=O)OCc2ccccc2)CC1N(C(=O)c1ccc(-c2nnn[nH]2)nc1)C(=O)c1ccc(-c2nnn[nH]2)nc1,-155.709,-99.6964,-56.5342,0.521552,23.2
Mtb_MraY_ligandless_BS-Top37_3d-3.pdb,Top37,[N-]=[N+]=NC1CN(C(=O)OCc2ccccc2)CC1N(C(=O)c1ccc(-c2nnn[nH]2)nc1)C(=O)c1ccc(-c2nnn[nH]2)nc1,-161.767,-115.75,-46.0173,0.0,18.4889
Mtb_MraY_ligandless_BS-Top37_3d-4.pdb,Top37,[N-]=[N+]=NC1CN(C(=O)OCc2ccccc2)CC1N(C(=O)c1ccc(-c2nnn[nH]2)nc1)C(=O)c1ccc(-c2nnn[nH]2)nc1,-171.439,-113.678,-57.9243,0.163335,21.5556
Mtb_MraY_ligandless_BS-Top38_3d-0.pdb,Top38,O=C(Nc1cccc(NC(=O)c2ccncc2)c1)C(=O)N(Cc1nc2cc(F)c(F)cc2[nH]1)Cc1nnnn1CCc1ccccc1,-131.075,-114.109,-16.9659,0.0,18.1915
Mtb_MraY_ligandless_BS-Top38_3d-1.pdb,Top38,O=C(Nc1cccc(NC(=O)c2ccncc2)c1)C(=O)N(Cc1nc2cc(F)c(F)cc2[nH]1)Cc1nnnn1CCc1ccccc1,-142.46,-122.728,-19.7316,0.0,20.4681
Mtb_MraY_ligandless_BS-Top38_3d-2.pdb,Top38,O=C(Nc1cccc(NC(=O)c2ccncc2)c1)C(=O)N(Cc1nc2cc(F)c(F)cc2[nH]1)Cc1nnnn1CCc1ccccc1,-144.689,-108.782,-35.9064,0.0,20.2553
Mtb_MraY_ligandless_BS-Top38_3d-3.pdb,Top38,O=C(Nc1cccc(NC(=O)c2ccncc2)c1)C(=O)N(Cc1nc2cc(F)c(F)cc2[nH]1)Cc1nnnn1CCc1ccccc1,-145.84,-110.811,-35.0293,0.0,18.5532
Mtb_MraY_ligandless_BS-Top38_3d-4.pdb,Top38,O=C(Nc1cccc(NC(=O)c2ccncc2)c1)C(=O)N(Cc1nc2cc(F)c(F)cc2[nH]1)Cc1nnnn1CCc1ccccc1,-112.341,-104.798,-7.54293,0.0,14.6809
Mtb_MraY_ligandless_BS-Top39_3d-0.pdb,Top39,NS(=O)(=O)c1cnn(CC(=O)NC(CNC(=O)c2cnc3cc4c(cc3c2O)OCCO4)c2ccc(F)cc2OC(=O)c2cccc(-n3nn[nH]c3=O)c2)c1,-140.848,-109.154,-31.6937,0.0,13.9455
Mtb_MraY_ligandless_BS-Top39_3d-1.pdb,Top39,NS(=O)(=O)c1cnn(CC(=O)NC(CNC(=O)c2cnc3cc4c(cc3c2O)OCCO4)c2ccc(F)cc2OC(=O)c2cccc(-n3nn[nH]c3=O)c2)c1,-145.194,-115.883,-29.3111,0.0,14.8182
Mtb_MraY_ligandless_BS-Top39_3d-2.pdb,Top39,NS(=O)(=O)c1cnn(CC(=O)NC(CNC(=O)c2cnc3cc4c(cc3c2O)OCCO4)c2ccc(F)cc2OC(=O)c2cccc(-n3nn[nH]c3=O)c2)c1,-144.708,-107.246,-37.4621,0.0,16.3636
Mtb_MraY_ligandless_BS-Top39_3d-3.pdb,Top39,NS(=O)(=O)c1cnn(CC(=O)NC(CNC(=O)c2cnc3cc4c(cc3c2O)OCCO4)c2ccc(F)cc2OC(=O)c2cccc(-n3nn[nH]c3=O)c2)c1,-133.293,-101.203,-32.0895,0.0,14.7818
Mtb_MraY_ligandless_BS-Top39_3d-4.pdb,Top39,NS(=O)(=O)c1cnn(CC(=O)NC(CNC(=O)c2cnc3cc4c(cc3c2O)OCCO4)c2ccc(F)cc2OC(=O)c2cccc(-n3nn[nH]c3=O)c2)c1,-150.308,-113.807,-36.5007,0.0,17.8545
Mtb_MraY_ligandless_BS-Top40_3d-0.pdb,Top40,O=C(COc1cc(F)cc(F)c1)NCc1cn(CCN(C(=O)CCc2nn[nH]n2)C(=O)COc2cc(F)cc(F)c2)nn1,-146.998,-115.598,-31.4004,0.0,19.186
Mtb_MraY_ligandless_BS-Top40_3d-1.pdb,Top40,O=C(COc1cc(F)cc(F)c1)NCc1cn(CCN(C(=O)CCc2nn[nH]n2)C(=O)COc2cc(F)cc(F)c2)nn1,-128.164,-95.8258,-32.3384,0.0,17.6512
Mtb_MraY_ligandless_BS-Top40_3d-2.pdb,Top40,O=C(COc1cc(F)cc(F)c1)NCc1cn(CCN(C(=O)CCc2nn[nH]n2)C(=O)COc2cc(F)cc(F)c2)nn1,-127.154,-94.4744,-32.6796,0.0,15.3953
Mtb_MraY_ligandless_BS-Top40_3d-3.pdb,Top40,O=C(COc1cc(F)cc(F)c1)NCc1cn(CCN(C(=O)CCc2nn[nH]n2)C(=O)COc2cc(F)cc(F)c2)nn1,-126.246,-81.9728,-44.2736,0.0,14.7674
Mtb_MraY_ligandless_BS-Top40_3d-4.pdb,Top40,O=C(COc1cc(F)cc(F)c1)NCc1cn(CCN(C(=O)CCc2nn[nH]n2)C(=O)COc2cc(F)cc(F)c2)nn1,-152.879,-131.739,-21.1404,0.0,24.7907
Mtb_MraY_ligandless_BS-Top41_3d-0.pdb,Top41,Nc1ncnc2c1ncn2Cc1ccc(C(=O)NCC(CO)CN(C(=O)CCCCc2c[nH]nn2)C(=O)c2ccc(Cn3cnc4c(N)ncnc43)o2)o1,-134.283,-107.913,-26.3701,0.0,14.8148
Mtb_MraY_ligandless_BS-Top41_3d-1.pdb,Top41,Nc1ncnc2c1ncn2Cc1ccc(C(=O)NCC(CO)CN(C(=O)CCCCc2c[nH]nn2)C(=O)c2ccc(Cn3cnc4c(N)ncnc43)o2)o1,-123.988,-107.281,-16.7066,0.0,13.3889
Mtb_MraY_ligandless_BS-Top41_3d-2.pdb,Top41,Nc1ncnc2c1ncn2Cc1ccc(C(=O)NCC(CO)CN(C(=O)CCCCc2c[nH]nn2)C(=O)c2ccc(Cn3cnc4c(N)ncnc43)o2)o1,-139.127,-114.055,-25.0721,0.0,14.1481
Mtb_MraY_ligandless_BS-Top41_3d-3.pdb,Top41,Nc1ncnc2c1ncn2Cc1ccc(C(=O)NCC(CO)CN(C(=O)CCCCc2c[nH]nn2)C(=O)c2ccc(Cn3cnc4c(N)ncnc43)o2)o1,-129.174,-84.9123,-44.2622,0.0,13.2778
Mtb_MraY_ligandless_BS-Top41_3d-4.pdb,Top41,Nc1ncnc2c1ncn2Cc1ccc(C(=O)NCC(CO)CN(C(=O)CCCCc2c[nH]nn2)C(=O)c2ccc(Cn3cnc4c(N)ncnc43)o2)o1,-150.187,-111.66,-38.5269,0.0,26.5926
Mtb_MraY_ligandless_BS-Top42_3d-0.pdb,Top42,Nc1nccc(C(=O)Oc2cccc([N+](=O)[O-])c2C(=O)N(Cc2ccccc2)C2CN(C(=O)c3c(F)cccc3[N+](=O)[O-])CC2O)c1[N+](=O)[O-],-131.331,-87.637,-44.2682,0.574427,14.66
Mtb_MraY_ligandless_BS-Top42_3d-1.pdb,Top42,Nc1nccc(C(=O)Oc2cccc([N+](=O)[O-])c2C(=O)N(Cc2ccccc2)C2CN(C(=O)c3c(F)cccc3[N+](=O)[O-])CC2O)c1[N+](=O)[O-],-140.41,-90.0447,-51.1801,0.815075,15.46
Mtb_MraY_ligandless_BS-Top42_3d-2.pdb,Top42,Nc1nccc(C(=O)Oc2cccc([N+](=O)[O-])c2C(=O)N(Cc2ccccc2)C2CN(C(=O)c3c(F)cccc3[N+](=O)[O-])CC2O)c1[N+](=O)[O-],-160.863,-120.229,-40.7579,0.12358,21.16
Mtb_MraY_ligandless_BS-Top42_3d-3.pdb,Top42,Nc1nccc(C(=O)Oc2cccc([N+](=O)[O-])c2C(=O)N(Cc2ccccc2)C2CN(C(=O)c3c(F)cccc3[N+](=O)[O-])CC2O)c1[N+](=O)[O-],-132.582,-98.7211,-35.597,1.73618,15.04
Mtb_MraY_ligandless_BS-Top42_3d-4.pdb,Top42,Nc1nccc(C(=O)Oc2cccc([N+](=O)[O-])c2C(=O)N(Cc2ccccc2)C2CN(C(=O)c3c(F)cccc3[N+](=O)[O-])CC2O)c1[N+](=O)[O-],-166.324,-118.105,-48.1958,-0.0239012,24.94
Mtb_MraY_ligandless_BS-Top43_3d-0.pdb,Top43,COc1ccc([N+](=O)[O-])cc1NS(=O)(=O)c1ccc(Cl)c(C(=O)N(C(=O)CCCCN=[N+]=[N-])c2cccc(Cc3nn[nH]n3)c2)c1,-142.072,-108.203,-36.2046,2.33649,18.7391
Mtb_MraY_ligandless_BS-Top43_3d-1.pdb,Top43,COc1ccc([N+](=O)[O-])cc1NS(=O)(=O)c1ccc(Cl)c(C(=O)N(C(=O)CCCCN=[N+]=[N-])c2cccc(Cc3nn[nH]n3)c2)c1,-128.226,-93.2871,-36.591,1.65249,14.3043
Mtb_MraY_ligandless_BS-Top43_3d-2.pdb,Top43,COc1ccc([N+](=O)[O-])cc1NS(=O)(=O)c1ccc(Cl)c(C(=O)N(C(=O)CCCCN=[N+]=[N-])c2cccc(Cc3nn[nH]n3)c2)c1,-125.701,-95.799,-29.6514,-0.250378,16.0
Mtb_MraY_ligandless_BS-Top43_3d-3.pdb,Top43,COc1ccc([N+](=O)[O-])cc1NS(=O)(=O)c1ccc(Cl)c(C(=O)N(C(=O)CCCCN=[N+]=[N-])c2cccc(Cc3nn[nH]n3)c2)c1,-144.209,-104.615,-39.7169,0.123071,19.2391
Mtb_MraY_ligandless_BS-Top43_3d-4.pdb,Top43,COc1ccc([N+](=O)[O-])cc1NS(=O)(=O)c1ccc(Cl)c(C(=O)N(C(=O)CCCCN=[N+]=[N-])c2cccc(Cc3nn[nH]n3)c2)c1,-137.011,-110.352,-28.7161,2.05754,23.5435
Mtb_MraY_ligandless_BS-Top4_3d-0.pdb,Top4,Cc1onc(CC(=O)N(C(=O)C2OC(N=[N+]=[N-])C(O)C(O)C2O)c2c(NCc3ccccc3)c(=O)[nH]c(=O)n2Cc2ccccc2)c1-c1nn[nH]n1,-147.949,-81.6729,-66.2092,-0.0668722,14.1154
Mtb_MraY_ligandless_BS-Top4_3d-1.pdb,Top4,Cc1onc(CC(=O)N(C(=O)C2OC(N=[N+]=[N-])C(O)C(O)C2O)c2c(NCc3ccccc3)c(=O)[nH]c(=O)n2Cc2ccccc2)c1-c1nn[nH]n1,-152.953,-106.899,-46.2038,0.149948,14.9808
Mtb_MraY_ligandless_BS-Top4_3d-2.pdb,Top4,Cc1onc(CC(=O)N(C(=O)C2OC(N=[N+]=[N-])C(O)C(O)C2O)c2c(NCc3ccccc3)c(=O)[nH]c(=O)n2Cc2ccccc2)c1-c1nn[nH]n1,-148.762,-114.619,-34.1434,0.0,14.5962
Mtb_MraY_ligandless_BS-Top4_3d-3.pdb,Top4,Cc1onc(CC(=O)N(C(=O)C2OC(N=[N+]=[N-])C(O)C(O)C2O)c2c(NCc3ccccc3)c(=O)[nH]c(=O)n2Cc2ccccc2)c1-c1nn[nH]n1,-136.984,-80.1541,-56.2282,-0.601982,12.4038
Mtb_MraY_ligandless_BS-Top4_3d-4.pdb,Top4,Cc1onc(CC(=O)N(C(=O)C2OC(N=[N+]=[N-])C(O)C(O)C2O)c2c(NCc3ccccc3)c(=O)[nH]c(=O)n2Cc2ccccc2)c1-c1nn[nH]n1,-144.5,-108.093,-36.0141,-0.393332,17.0769
Mtb_MraY_ligandless_BS-Top44_3d-0.pdb,Top44,[N-]=[N+]=NCc1cc(N=[N+]=[N-])cc(C(=O)N(Cc2nnn[nH]2)C(=O)c2cc(CN=[N+]=[N-])cc(N=[N+]=[N-])c2)c1,-149.985,-95.5393,-55.2679,0.821846,24.0811
Mtb_MraY_ligandless_BS-Top44_3d-1.pdb,Top44,[N-]=[N+]=NCc1cc(N=[N+]=[N-])cc(C(=O)N(Cc2nnn[nH]2)C(=O)c2cc(CN=[N+]=[N-])cc(N=[N+]=[N-])c2)c1,-172.371,-108.61,-63.7549,-0.00531275,26.4324
Mtb_MraY_ligandless_BS-Top44_3d-2.pdb,Top44,[N-]=[N+]=NCc1cc(N=[N+]=[N-])cc(C(=O)N(Cc2nnn[nH]2)C(=O)c2cc(CN=[N+]=[N-])cc(N=[N+]=[N-])c2)c1,-159.714,-90.7829,-69.0311,0.0999004,19.5676
Mtb_MraY_ligandless_BS-Top44_3d-3.pdb,Top44,[N-]=[N+]=NCc1cc(N=[N+]=[N-])cc(C(=O)N(Cc2nnn[nH]2)C(=O)c2cc(CN=[N+]=[N-])cc(N=[N+]=[N-])c2)c1,-149.462,-76.2535,-73.2156,0.0066037,21.2973
Mtb_MraY_ligandless_BS-Top44_3d-4.pdb,Top44,[N-]=[N+]=NCc1cc(N=[N+]=[N-])cc(C(=O)N(Cc2nnn[nH]2)C(=O)c2cc(CN=[N+]=[N-])cc(N=[N+]=[N-])c2)c1,-153.168,-102.2,-50.5036,-0.46456,25.7568
Mtb_MraY_ligandless_BS-Top45_3d-0.pdb,Top45,COc1ccc(N(C(=O)c2cccc(N(C(=O)c3ccncc3N=[N+]=[N-])c3nnn[nH]3)c2)S(=O)(=O)c2ccc(NN)c([N+](=O)[O-])c2)cc1,-170.286,-109.082,-60.8679,-0.336796,22.6667
Mtb_MraY_ligandless_BS-Top45_3d-1.pdb,Top45,COc1ccc(N(C(=O)c2cccc(N(C(=O)c3ccncc3N=[N+]=[N-])c3nnn[nH]3)c2)S(=O)(=O)c2ccc(NN)c([N+](=O)[O-])c2)cc1,-135.985,-99.9264,-35.4504,-0.608378,21.7708
Mtb_MraY_ligandless_BS-Top45_3d-2.pdb,Top45,COc1ccc(N(C(=O)c2cccc(N(C(=O)c3ccncc3N=[N+]=[N-])c3nnn[nH]3)c2)S(=O)(=O)c2ccc(NN)c([N+](=O)[O-])c2)cc1,-126.61,-94.9801,-31.2728,-0.356833,17.8125
Mtb_MraY_ligandless_BS-Top45_3d-3.pdb,Top45,COc1ccc(N(C(=O)c2cccc(N(C(=O)c3ccncc3N=[N+]=[N-])c3nnn[nH]3)c2)S(=O)(=O)c2ccc(NN)c([N+](=O)[O-])c2)cc1,-151.886,-118.13,-34.3325,0.576395,21.5625
Mtb_MraY_ligandless_BS-Top45_3d-4.pdb,Top45,COc1ccc(N(C(=O)c2cccc(N(C(=O)c3ccncc3N=[N+]=[N-])c3nnn[nH]3)c2)S(=O)(=O)c2ccc(NN)c([N+](=O)[O-])c2)cc1,-154.892,-117.705,-38.9902,1.80254,22.625
Mtb_MraY_ligandless_BS-Top46_3d-0.pdb,Top46,Cc1ccc(S(=O)(=O)NCCC(c2ccccc2)c2ccccc2)cc1C(=O)N(NC(=O)c1cc([N+](=O)[O-])[nH]n1)C(=O)c1ccc(Cn2nnc(-c3ccccc3)n2)cc1,-145.018,-109.34,-36.7747,1.09632,12.0833
Mtb_MraY_ligandless_BS-Top46_3d-1.pdb,Top46,Cc1ccc(S(=O)(=O)NCCC(c2ccccc2)c2ccccc2)cc1C(=O)N(NC(=O)c1cc([N+](=O)[O-])[nH]n1)C(=O)c1ccc(Cn2nnc(-c3ccccc3)n2)cc1,-149.871,-127.466,-23.3003,0.895799,15.1167
Mtb_MraY_ligandless_BS-Top46_3d-2.pdb,Top46,Cc1ccc(S(=O)(=O)NCCC(c2ccccc2)c2ccccc2)cc1C(=O)N(NC(=O)c1cc([N+](=O)[O-])[nH]n1)C(=O)c1ccc(Cn2nnc(-c3ccccc3)n2)cc1,-180.047,-149.026,-30.6126,-0.40795,19.1667
Mtb_MraY_ligandless_BS-Top46_3d-3.pdb,Top46,Cc1ccc(S(=O)(=O)NCCC(c2ccccc2)c2ccccc2)cc1C(=O)N(NC(=O)c1cc([N+](=O)[O-])[nH]n1)C(=O)c1ccc(Cn2nnc(-c3ccccc3)n2)cc1,-166.253,-140.123,-26.3976,0.267881,17.1667
Mtb_MraY_ligandless_BS-Top46_3d-4.pdb,Top46,Cc1ccc(S(=O)(=O)NCCC(c2ccccc2)c2ccccc2)cc1C(=O)N(NC(=O)c1cc([N+](=O)[O-])[nH]n1)C(=O)c1ccc(Cn2nnc(-c3ccccc3)n2)cc1,-166.607,-130.648,-33.8402,-2.11899,16.7167
Mtb_MraY_ligandless_BS-Top47_3d-0.pdb,Top47,Nc1nnc(CC(=O)NC(COCc2ccccc2)C(=O)NC2CC(N(C(=O)c3ccncc3Oc3ccccc3)C(=O)c3cnc(-c4ccncn4)[nH]c3=O)C23CCOCC3)[nH]1,-128.595,-103.09,-25.5055,0.0,14.3175
Mtb_MraY_ligandless_BS-Top47_3d-1.pdb,Top47,Nc1nnc(CC(=O)NC(COCc2ccccc2)C(=O)NC2CC(N(C(=O)c3ccncc3Oc3ccccc3)C(=O)c3cnc(-c4ccncn4)[nH]c3=O)C23CCOCC3)[nH]1,-123.753,-109.76,-13.9938,0.0,14.0952
Mtb_MraY_ligandless_BS-Top47_3d-2.pdb,Top47,Nc1nnc(CC(=O)NC(COCc2ccccc2)C(=O)NC2CC(N(C(=O)c3ccncc3Oc3ccccc3)C(=O)c3cnc(-c4ccncn4)[nH]c3=O)C23CCOCC3)[nH]1,-135.832,-113.671,-22.1611,0.0,12.3175
Mtb_MraY_ligandless_BS-Top47_3d-3.pdb,Top47,Nc1nnc(CC(=O)NC(COCc2ccccc2)C(=O)NC2CC(N(C(=O)c3ccncc3Oc3ccccc3)C(=O)c3cnc(-c4ccncn4)[nH]c3=O)C23CCOCC3)[nH]1,-139.699,-111.213,-28.4867,0.0,13.9524
Mtb_MraY_ligandless_BS-Top47_3d-4.pdb,Top47,Nc1nnc(CC(=O)NC(COCc2ccccc2)C(=O)NC2CC(N(C(=O)c3ccncc3Oc3ccccc3)C(=O)c3cnc(-c4ccncn4)[nH]c3=O)C23CCOCC3)[nH]1,-148.626,-137.064,-11.5622,0.0,15.9048
Mtb_MraY_ligandless_BS-Top48_3d-0.pdb,Top48,NN(C(=O)Cn1nnc(-c2cccc(C(F)(F)F)c2)n1)C(=O)Nc1nc(NCc2nnnn2C2CCC2)ccc1[N+](=O)[O-],-142.228,-107.317,-34.1013,-0.809406,18.7674
Mtb_MraY_ligandless_BS-Top48_3d-1.pdb,Top48,NN(C(=O)Cn1nnc(-c2cccc(C(F)(F)F)c2)n1)C(=O)Nc1nc(NCc2nnnn2C2CCC2)ccc1[N+](=O)[O-],-130.321,-93.5952,-35.5643,-1.1617,21.3953
Mtb_MraY_ligandless_BS-Top48_3d-2.pdb,Top48,NN(C(=O)Cn1nnc(-c2cccc(C(F)(F)F)c2)n1)C(=O)Nc1nc(NCc2nnnn2C2CCC2)ccc1[N+](=O)[O-],-130.687,-98.2297,-33.0302,0.573151,23.907
Mtb_MraY_ligandless_BS-Top48_3d-3.pdb,Top48,NN(C(=O)Cn1nnc(-c2cccc(C(F)(F)F)c2)n1)C(=O)Nc1nc(NCc2nnnn2C2CCC2)ccc1[N+](=O)[O-],-154.623,-99.6818,-54.2522,-0.688625,25.0
Mtb_MraY_ligandless_BS-Top48_3d-4.pdb,Top48,NN(C(=O)Cn1nnc(-c2cccc(C(F)(F)F)c2)n1)C(=O)Nc1nc(NCc2nnnn2C2CCC2)ccc1[N+](=O)[O-],-126.29,-96.7624,-30.0749,0.547599,17.5581
Mtb_MraY_ligandless_BS-Top49_3d-0.pdb,Top49,O=C(NC(Cc1nnn[nH]1)c1ccccc1)N(C(=O)c1c2c(nc3ccccc13)C(=Cc1ccc3c(c1)OCO3)CCC2)c1cnccc1-n1ccnn1,-121.628,-106.888,-14.7397,0.0,15.6667
Mtb_MraY_ligandless_BS-Top49_3d-1.pdb,Top49,O=C(NC(Cc1nnn[nH]1)c1ccccc1)N(C(=O)c1c2c(nc3ccccc13)C(=Cc1ccc3c(c1)OCO3)CCC2)c1cnccc1-n1ccnn1,-122.592,-91.7367,-30.8553,0.0,12.0926
Mtb_MraY_ligandless_BS-Top49_3d-2.pdb,Top49,O=C(NC(Cc1nnn[nH]1)c1ccccc1)N(C(=O)c1c2c(nc3ccccc13)C(=Cc1ccc3c(c1)OCO3)CCC2)c1cnccc1-n1ccnn1,-141.439,-131.339,-10.1002,0.0,18.4444
Mtb_MraY_ligandless_BS-Top49_3d-3.pdb,Top49,O=C(NC(Cc1nnn[nH]1)c1ccccc1)N(C(=O)c1c2c(nc3ccccc13)C(=Cc1ccc3c(c1)OCO3)CCC2)c1cnccc1-n1ccnn1,-122.906,-115.21,-7.69606,0.0,17.3333
Mtb_MraY_ligandless_BS-Top49_3d-4.pdb,Top49,O=C(NC(Cc1nnn[nH]1)c1ccccc1)N(C(=O)c1c2c(nc3ccccc13)C(=Cc1ccc3c(c1)OCO3)CCC2)c1cnccc1-n1ccnn1,-134.371,-115.698,-18.6735,0.0,16.1667
Mtb_MraY_ligandless_BS-Top50_3d-0.pdb,Top50,O=C(CN(C(=O)CNC(=O)c1ccc2[nH]nnc2c1)C(=O)c1ccc2[nH]nnc2c1)NC1CC2(CN(C(=O)CNC(=O)c3ccc4[nH]nnc4c3)C2)n2ccnc21,-144.336,-108.794,-35.5421,0.0,15.1754
Mtb_MraY_ligandless_BS-Top50_3d-1.pdb,Top50,O=C(CN(C(=O)CNC(=O)c1ccc2[nH]nnc2c1)C(=O)c1ccc2[nH]nnc2c1)NC1CC2(CN(C(=O)CNC(=O)c3ccc4[nH]nnc4c3)C2)n2ccnc21,-165.021,-123.118,-41.9032,0.0,20.4912
Mtb_MraY_ligandless_BS-Top50_3d-2.pdb,Top50,O=C(CN(C(=O)CNC(=O)c1ccc2[nH]nnc2c1)C(=O)c1ccc2[nH]nnc2c1)NC1CC2(CN(C(=O)CNC(=O)c3ccc4[nH]nnc4c3)C2)n2ccnc21,-160.423,-127.194,-33.229,0.0,18.3158
Mtb_MraY_ligandless_BS-Top50_3d-3.pdb,Top50,O=C(CN(C(=O)CNC(=O)c1ccc2[nH]nnc2c1)C(=O)c1ccc2[nH]nnc2c1)NC1CC2(CN(C(=O)CNC(=O)c3ccc4[nH]nnc4c3)C2)n2ccnc21,-178.191,-130.764,-47.4269,0.0,17.3333
Mtb_MraY_ligandless_BS-Top50_3d-4.pdb,Top50,O=C(CN(C(=O)CNC(=O)c1ccc2[nH]nnc2c1)C(=O)c1ccc2[nH]nnc2c1)NC1CC2(CN(C(=O)CNC(=O)c3ccc4[nH]nnc4c3)C2)n2ccnc21,-147.05,-105.752,-41.2976,0.0,15.4386
Mtb_MraY_ligandless_BS-Top5_3d-0.pdb,Top5,O=C(NCC(=O)N(NC(=O)N1CCCCC1Cc1nn[nH]n1)C(=O)c1n[nH]c(=O)c2ccccc12)c1ccc(NS(=O)(=O)c2ccc(Cl)cc2F)cc1,-153.364,-137.226,-16.1378,0.0,18.0377
Mtb_MraY_ligandless_BS-Top5_3d-1.pdb,Top5,O=C(NCC(=O)N(NC(=O)N1CCCCC1Cc1nn[nH]n1)C(=O)c1n[nH]c(=O)c2ccccc12)c1ccc(NS(=O)(=O)c2ccc(Cl)cc2F)cc1,-123.204,-92.8251,-30.3793,0.0,13.9434
Mtb_MraY_ligandless_BS-Top5_3d-2.pdb,Top5,O=C(NCC(=O)N(NC(=O)N1CCCCC1Cc1nn[nH]n1)C(=O)c1n[nH]c(=O)c2ccccc12)c1ccc(NS(=O)(=O)c2ccc(Cl)cc2F)cc1,-124.105,-93.8654,-30.2398,0.0,14.283
Mtb_MraY_ligandless_BS-Top5_3d-3.pdb,Top5,O=C(NCC(=O)N(NC(=O)N1CCCCC1Cc1nn[nH]n1)C(=O)c1n[nH]c(=O)c2ccccc12)c1ccc(NS(=O)(=O)c2ccc(Cl)cc2F)cc1,-159.739,-124.069,-35.6695,0.0,22.717
Mtb_MraY_ligandless_BS-Top5_3d-4.pdb,Top5,O=C(NCC(=O)N(NC(=O)N1CCCCC1Cc1nn[nH]n1)C(=O)c1n[nH]c(=O)c2ccccc12)c1ccc(NS(=O)(=O)c2ccc(Cl)cc2F)cc1,-134.922,-121.122,-13.8006,0.0,15.1698
Mtb_MraY_ligandless_BS-Top6_3d-0.pdb,Top6,COc1cccc(C=C(C(=O)N2CCC(NC(=O)c3cc4c(cc3O)OCO4)(c3cccc(OC(=O)c4cc5c(cc4O)OCO5)c3)C2)n2nnnc2C)c1,-135.518,-113.575,-21.9431,0.0,17.7273
Mtb_MraY_ligandless_BS-Top6_3d-1.pdb,Top6,COc1cccc(C=C(C(=O)N2CCC(NC(=O)c3cc4c(cc3O)OCO4)(c3cccc(OC(=O)c4cc5c(cc4O)OCO5)c3)C2)n2nnnc2C)c1,-146.021,-125.658,-20.3632,0.0,20.0727
Mtb_MraY_ligandless_BS-Top6_3d-2.pdb,Top6,COc1cccc(C=C(C(=O)N2CCC(NC(=O)c3cc4c(cc3O)OCO4)(c3cccc(OC(=O)c4cc5c(cc4O)OCO5)c3)C2)n2nnnc2C)c1,-113.168,-95.5639,-17.6038,0.0,13.3636
Mtb_MraY_ligandless_BS-Top6_3d-3.pdb,Top6,COc1cccc(C=C(C(=O)N2CCC(NC(=O)c3cc4c(cc3O)OCO4)(c3cccc(OC(=O)c4cc5c(cc4O)OCO5)c3)C2)n2nnnc2C)c1,-121.209,-109.86,-11.3494,0.0,13.3818
Mtb_MraY_ligandless_BS-Top6_3d-4.pdb,Top6,COc1cccc(C=C(C(=O)N2CCC(NC(=O)c3cc4c(cc3O)OCO4)(c3cccc(OC(=O)c4cc5c(cc4O)OCO5)c3)C2)n2nnnc2C)c1,-130.257,-110.975,-19.2826,0.0,17.4545
Mtb_MraY_ligandless_BS-Top7_3d-0.pdb,Top7,NC(=O)c1cc(C(=O)N(CCN(CCOCCO)C(=O)c2ccnc3nn[nH]c23)C(=O)c2ccnc3nn[nH]c23)on1,-121.845,-96.4863,-25.3589,0.0,15.9524
Mtb_MraY_ligandless_BS-Top7_3d-1.pdb,Top7,NC(=O)c1cc(C(=O)N(CCN(CCOCCO)C(=O)c2ccnc3nn[nH]c23)C(=O)c2ccnc3nn[nH]c23)on1,-133.197,-96.2544,-36.9427,0.0,20.2619
Mtb_MraY_ligandless_BS-Top7_3d-2.pdb,Top7,NC(=O)c1cc(C(=O)N(CCN(CCOCCO)C(=O)c2ccnc3nn[nH]c23)C(=O)c2ccnc3nn[nH]c23)on1,-148.296,-87.4632,-60.8332,0.0,26.5476
Mtb_MraY_ligandless_BS-Top7_3d-3.pdb,Top7,NC(=O)c1cc(C(=O)N(CCN(CCOCCO)C(=O)c2ccnc3nn[nH]c23)C(=O)c2ccnc3nn[nH]c23)on1,-135.325,-76.5674,-58.7575,0.0,17.7143
Mtb_MraY_ligandless_BS-Top7_3d-4.pdb,Top7,NC(=O)c1cc(C(=O)N(CCN(CCOCCO)C(=O)c2ccnc3nn[nH]c23)C(=O)c2ccnc3nn[nH]c23)on1,-152.666,-81.8596,-70.8064,0.0,21.2619
Mtb_MraY_ligandless_BS-Top8_3d-0.pdb,Top8,O=C(NCCN(Cc1ccc(OC(=O)c2ccc([N+](=O)[O-])cc2[N+](=O)[O-])nc1)C(=O)c1ccc([N+](=O)[O-])cc1[N+](=O)[O-])c1ccc([N+](=O)[O-])cc1[N+](=O)[O-],-155.168,-108.715,-48.606,2.15272,14.7222
Mtb_MraY_ligandless_BS-Top8_3d-1.pdb,Top8,O=C(NCCN(Cc1ccc(OC(=O)c2ccc([N+](=O)[O-])cc2[N+](=O)[O-])nc1)C(=O)c1ccc([N+](=O)[O-])cc1[N+](=O)[O-])c1ccc([N+](=O)[O-])cc1[N+](=O)[O-],-138.096,-101.207,-38.7698,1.88113,13.9444
Mtb_MraY_ligandless_BS-Top8_3d-2.pdb,Top8,O=C(NCCN(Cc1ccc(OC(=O)c2ccc([N+](=O)[O-])cc2[N+](=O)[O-])nc1)C(=O)c1ccc([N+](=O)[O-])cc1[N+](=O)[O-])c1ccc([N+](=O)[O-])cc1[N+](=O)[O-],-179.138,-120.124,-57.6756,-1.33829,20.8704
Mtb_MraY_ligandless_BS-Top8_3d-3.pdb,Top8,O=C(NCCN(Cc1ccc(OC(=O)c2ccc([N+](=O)[O-])cc2[N+](=O)[O-])nc1)C(=O)c1ccc([N+](=O)[O-])cc1[N+](=O)[O-])c1ccc([N+](=O)[O-])cc1[N+](=O)[O-],-161.451,-115.724,-50.1813,4.45501,18.7037
Mtb_MraY_ligandless_BS-Top8_3d-4.pdb,Top8,O=C(NCCN(Cc1ccc(OC(=O)c2ccc([N+](=O)[O-])cc2[N+](=O)[O-])nc1)C(=O)c1ccc([N+](=O)[O-])cc1[N+](=O)[O-])c1ccc([N+](=O)[O-])cc1[N+](=O)[O-],-162.931,-114.416,-51.9063,3.39127,19.5926
Mtb_MraY_ligandless_BS-Top9_3d-0.pdb,Top9,[N-]=[N+]=NCCCC(=O)NCc1cn(C2CCN(C(=O)c3ccc([N+](=O)[O-])c(NC(=O)c4ccc([N+](=O)[O-])c(N)n4)n3)C2)nn1,-138.309,-81.4188,-56.2288,-0.661526,14.6818
Mtb_MraY_ligandless_BS-Top9_3d-1.pdb,Top9,[N-]=[N+]=NCCCC(=O)NCc1cn(C2CCN(C(=O)c3ccc([N+](=O)[O-])c(NC(=O)c4ccc([N+](=O)[O-])c(N)n4)n3)C2)nn1,-145.126,-106.73,-38.143,-0.252147,20.8864
Mtb_MraY_ligandless_BS-Top9_3d-2.pdb,Top9,[N-]=[N+]=NCCCC(=O)NCc1cn(C2CCN(C(=O)c3ccc([N+](=O)[O-])c(NC(=O)c4ccc([N+](=O)[O-])c(N)n4)n3)C2)nn1,-133.01,-90.8871,-42.5264,0.403824,20.0227
Mtb_MraY_ligandless_BS-Top9_3d-3.pdb,Top9,[N-]=[N+]=NCCCC(=O)NCc1cn(C2CCN(C(=O)c3ccc([N+](=O)[O-])c(NC(=O)c4ccc([N+](=O)[O-])c(N)n4)n3)C2)nn1,-140.274,-102.878,-39.1636,1.7674,18.3182
Mtb_MraY_ligandless_BS-Top9_3d-4.pdb,Top9,[N-]=[N+]=NCCCC(=O)NCc1cn(C2CCN(C(=O)c3ccc([N+](=O)[O-])c(NC(=O)c4ccc([N+](=O)[O-])c(N)n4)n3)C2)nn1,-141.859,-73.9371,-65.2738,-2.6485,21.1364
